Sample_ID,sam1,sam2,san3,sam4,sam5,sam6,sam7,sam8,sam9,sam10,sam11,sam12,sam13,sam14,sam15,sam16
Class,brownfat_group1,brownfat_group1,brownfat_group1,brownfat_group1,brownfat_group2,brownfat_group2,brownfat_group2,brownfat_group2,brownfat_group3,brownfat_group3,brownfat_group3,brownfat_group3,brownfat_group4,brownfat_group4,brownfat_group4,brownfat_group4
HMDB0000008-2-HYDROXYBUTY_C4H7O3_CH1-,178146,2549041,2592936,570980,1312177,722961,991868,633494,2187683,926559,2243943,1311289,1361755,314,681921,983648
HMDB0000011-3-Hydroxybuty_C4H7O3_CH1-,2699180,1930875,1267798,3539004,395234,3215076,1284114,3146,1231248,3564647,2538167,1901022,859964,260018,1474355,1822024
HMDB0000017-4-Pyridoxic-a_C8H8NO4_CH1-,2121657,1421132,613016,581198,1743567,3427124,1464398,1320642,5690,592998,2158813,1328762,8352,1221201,1257337,1690095
HMDB0000023-3-Hydroxyisob_C4H7O3_CH1-,1474781,1705081,3012869,2457314,2753,5785,2707831,898306,1461009,467600,5450,437230,1769269,792770,2667800,9947
HMDB0000033-Carnosine_C9H13N4O3_CH1-,1619681,955372,10398,2298536,1245459,1702280,865018,1595795,9504,3422456,2127829,3077966,903917,1836013,3416989,8826
HMDB0000034-Adenine_C5H4N5_CH1-,488052,1153924,1748534,2602021,1673513,2893129,632185,303634,499460,787852,567,1721012,3030788,1607462,498544,662543
HMDB0000045-Adenosine-3-m_C10H13N5O7P_CH1-,3621744,808668,1599508,722020,3414328,2994619,3524588,871799,1488827,1396550,2850122,2494111,8680,978863,835684,1205330
HMDB0000050-Adenosine_C10H12N5O4_CH1-,1785013,2986047,2515259,1012847,1673593,3610422,3647598,3063179,3603608,3366235,410029,1848851,3480218,2473419,92218,1839040
HMDB0000058-Adenosine-35-_C10H11N5O6P_CH1-,999744,507373,2449742,322694,768871,170633,404204,1123997,1100501,7717,1110054,3527591,6698,829764,1930983,3329648
HMDB0000060-Acetoacetic-a_C4H5O3_CH1-,2195086,4605,2663019,3664885,3555398,7138,806844,2726166,288,1508007,5818,1746128,3172570,1207847,829125,8385
HMDB0000064-Creatine_C4H8N3O2_CH1-,3040727,1187484,551085,2138498,130089,707236,1314,3335369,1558532,3708591,282627,1886551,2631334,1597409,3496113,64474
HMDB0000072-Aconitic-Acid_C6H5O6_CH1-,959862,609,1790910,443801,692127,2913,195046,5503,2239432,1217762,2365848,3564550,1669231,689213,3488524,3749
HMDB0000094-CITRATE_C6H7O7_CH1-,2071595,1242377,3019200,5609,692491,2287411,133914,3231837,1956569,1844549,199529,233979,990573,278569,635349,1660355
HMDB0000095-Cytidine-5--m_C9H13N3O8P_CH1-,2850389,1342340,387258,1236771,1996424,2539418,2059760,537736,1604391,8195,723831,5304,3108123,1710983,702839,324959
HMDB0000099-Cystathionine_C7H13N2O4S_CH1-,1332446,902251,3345087,2428045,980660,5570,3578827,3403909,2075172,206463,3358876,566498,3491311,2465488,2445410,407
HMDB0000115-Glycolic-acid_C2H3O3_CH1-,343628,1426,8240,2761,93885,1763494,7171,570601,3329267,294512,3180634,2870435,1555663,3558233,3461991,1781516
HMDB0000121-Folic-acid_C19H18N7O6_CH1-,8143,2011868,1120993,3698073,2024592,3286720,2447384,1820220,1536437,3141659,2483920,3634888,3256,2323,7916,2437469
HMDB0000122-Glucose_C6H11O6_CH1-,763481,7327,3611843,1140118,1386584,1644483,2783096,2693488,492254,1334138,2811015,1393915,2546058,150927,2409360,783501
HMDB0000123-GLYCINE_C2H4NO2_CH1-,3534404,1934520,719732,3628623,2020918,9323,3627412,973074,214681,445990,589473,169568,2017,2706597,2628039,849581
HMDB0000125-Glutathione--_C10H16N3O6S_CH1-,1171631,199374,2753760,1126353,3561227,1199651,3014321,1093136,1922867,3477,2567557,3843,2126560,1861679,1230736,3138330
HMDB0000126-Glycerol-3-ph_C3H8O6P_CH1-,2979285,1306545,446950,3562488,9317,564925,805363,49479,1810315,1047994,2311998,1965271,978898,734758,2746,2395191
HMDB0000130-Homogentisic-_C8H7O4_CH1-,3278380,2780314,7420,1954295,1253619,318,1422254,2764064,2093745,3253225,64253,3380153,2535498,3135440,840029,1359356
HMDB0000132-Guanine_C5H4N5O_CH1-,659920,2844500,1473586,1329051,2346791,3374913,3429,57214,4254,6155,2060053,3569158,2407964,3306363,182139,1655976
HMDB0000133-Guanosine_C10H12N5O5_CH1-,3450620,2379116,1715009,1222620,2162843,2875319,1263819,3355011,3672603,46902,529025,2694485,2242910,435331,1008683,2331159
HMDB0000134-Fumaric-acid_C4H3O4_CH1-,3208668,922135,2720502,2813715,2892904,1368185,4507,1371185,1217,3302823,2571441,1335883,2121,1334937,1286472,655088
HMDB0000139-Glyceric-acid_C3H5O4_CH1-,326264,1537710,1645435,1959523,2099631,2794433,814856,548024,329260,2416452,3559326,2472066,588121,7806,2119142,6521
HMDB0000148-Glutamic-acid_C5H8NO4_CH1-,305282,1191745,2602787,138015,138030,1267949,3354556,2250340,1273437,2186727,2460833,3217264,95956,5907,3201913,2990763
HMDB0000156-MALATE_C4H5O5_CH1-,2565609,2544757,340121,2472808,3551977,1586502,3600651,305408,2269204,3632723,300,2642286,152967,6327,5131,881649
HMDB0000157-Hypoxanthine_C5H3N4O_CH1-,1228240,893071,1638729,2868470,1719,4350,9280,1869310,1879769,8445,3033002,3137924,579335,150615,3600531,2517550
HMDB0000158-Tyrosine_C9H10NO3_CH1-,491064,3186374,2059998,1392735,3026049,335362,536908,2219311,3652448,5843,1584408,3682343,42,2894827,897230,2730542
HMDB0000159-Phenylalanine_C9H10NO2_CH1-,4989,3445754,2305036,6134,3071813,2352588,2239379,1718465,2158525,1565848,1017595,6521,6293,814710,394566,6869
HMDB0000161-Alanine_C3H6NO2_CH1-,3222122,6134,2881618,1474,3575392,789734,1867883,1881552,3364188,8214,1831947,1301014,3332254,3031223,1834111,3683333
HMDB0000168-Asparagine_C4H7N2O3_CH1-,302680,319420,3624934,3550249,1973862,3262508,3598471,288607,1528104,2131006,2917324,1311909,15916,1734778,7706,940463
HMDB0000172-Isoleucine_C6H12NO2_CH1-,2922980,611789,165543,1653910,365468,1427050,1878734,2356067,1329894,3447940,3698787,732959,2426291,2452751,2428005,1972961
HMDB0000175-Inosine-5-mon_C10H12N4O8P_CH1-,331906,865702,355986,1500686,2732561,3375,2352604,2138970,8648,4521,3595578,1847038,3077691,1592984,2776659,2585232
HMDB0000177-Histidine_C6H8N3O2_CH1-,804905,3066,2118900,564,2228046,394984,361917,4357,1869757,669489,1152373,1266625,8830,1972838,1781008,2990
HMDB0000187-Serine_C3H6NO3_CH1-,3183339,915949,925230,2752790,4594,2293586,1571936,3423420,1731090,2066045,1737974,770627,2093001,1459152,892879,3539
HMDB0000190-Lactic-acid_C3H5O3_CH1-,3520911,4028,1002729,1251480,1407085,849955,2985740,3835,2845595,1776976,154962,4083,1345805,2015074,2380390,620078
HMDB0000191-Aspartic-acid_C4H6NO4_CH1-,488875,1362755,2575,576378,2028492,609389,3026920,3523556,684691,2461915,1349565,2010702,1708256,2268681,2771331,7745
HMDB0000193-ISOCITRIC-ACI_C6H7O7_CH1-,3309229,5791,2051298,673622,3220460,2226905,5321,3276007,3339153,3499150,5064,3017400,546187,2590568,409809,5086
HMDB0000195-Inosine_C10H11N4O5_CH1-,3441237,1603408,3558069,727118,713558,1612106,5804,652814,7370,746961,9855,3616856,356805,1689390,1412585,9335
HMDB0000202-Methylmalonic_C4H5O4_CH1-,1645191,325557,15600,2618314,7573,3243612,1444,2368696,1240559,1795821,174002,1688200,1063809,511854,2564400,7190
HMDB0000208-2-Oxoglutarat_C5H5O5_CH1-,137995,2377263,1358452,8016,810725,390,1244916,1527535,544750,3815,2460905,3058337,1035543,1494719,6969,2162
HMDB0000214-Ornithine_C5H11N2O2_CH1-,3088289,3195,736398,582429,2361023,3244759,3404633,1441,3572446,13422,1184456,1547045,2533608,1009987,1017179,3091012
HMDB0000225-2-OXOADIPATE_C6H7O5_CH1-,3596812,5824,8970,3419176,1564025,2545403,798793,940927,1960212,2438186,8586,367183,3438915,2239454,5519,1021035
HMDB0000226-Orotic-acid_C5H3N2O4_CH1-,2952868,1136,3314870,979163,2762520,5109,2809533,2038922,5359,2133161,3025961,515,147687,360292,44120,2019298
HMDB0000230-N-Acetylneura_C11H18NO9_CH1-,1000,1948,5936,2751144,1888080,1174898,1814454,2706,2630332,897025,3428051,8787,573183,3368871,3095472,102548
HMDB0000232-23-Pyridinedi_C7H4NO4_CH1-,1008188,2778317,618259,2033031,2409981,673315,1192173,1273115,1379141,9930,3926,2519134,2252402,3644027,3488486,1662067
HMDB0000243-Pyruvic-acid_C3H3O3_CH1-,1463848,1222276,163290,2943171,2624,1591143,3370772,192258,1237776,1952522,2948613,430034,9535,2890212,9674,1476049
HMDB0000254-Succinic-acid_C4H5O4_CH1-,144,4811,2102935,1000704,1951151,3524033,3476513,3647686,5303,1886365,181259,3087389,1240529,537096,1304726,2628625
HMDB0000263-Phospho-enol-_C3H4O6P_CH1-,1068107,655579,2323682,900,745220,1019021,2219424,3373232,7457,158,909951,3610099,385617,2115174,2566507,448162
HMDB0000273-Thymidine_C10H13N2O5_CH1-,2434869,828222,8292,3499016,3419553,623680,3476237,3575162,1811324,2318788,2731954,390268,668187,2065217,684600,3043068
HMDB0000279-Saccharopine_C11H19N2O6_CH1-,3885,2084712,1757943,1370597,2202695,1513906,1363277,927204,3031218,1740921,1304375,952,1756973,604195,1939094,8912
HMDB0000286-UDP-D-glucose_C15H23N2O17P2_CH1-,2985904,1097610,221056,280547,2891201,1127909,2279942,614497,628965,7913,1204623,3559508,409852,2757002,3385,3475655
HMDB0000288-UMP_C9H12N2O9P_CH1-,3086553,1259361,1630606,350677,1072422,2742729,3045641,2719653,644112,1603579,615511,3028477,868138,1183379,3215438,3187067
HMDB0000289-Uric-acid_C5H3N4O3_CH1-,1018344,1394939,3899,2390430,7530,361523,2624744,2567179,1579614,2937353,1127727,4284,2494116,9409,609876,1900207
HMDB0000292-XANTHINE_C5H3N4O2_CH1-,2026413,2444790,868406,2218745,2541070,3290,2930028,675577,2036007,255224,156875,1073029,1287377,2363583,3081,1240911
HMDB0000355-3-Hydroxy-3-m_C6H9O5_CH1-,2087193,2616813,1146531,5947,1414,1096256,3593617,839654,3522991,166452,3362471,236,805692,2542366,2222868,8680
HMDB0000402-2-Isopropylma_C7H11O5_CH1-,3372603,2660,5653,6000,151891,1646632,1372213,473190,5541,2193474,1959900,2386392,1914412,212883,1378548,7824
HMDB0000428-3-Hydroxyglut_C5H7O5_CH1-,1322520,3182153,679289,578505,2445255,1501649,3793,1402454,6777,533620,475,2180617,1520864,2519218,2557365,2102
HMDB0000448-Adipic-acid_C6H9O4_CH1-,3634710,2159328,1316599,2578547,3498611,1576834,3434312,378749,1975328,2672318,2026776,9481,1133262,877799,188438,1448104
HMDB0000510-ALPHA-AMINOAD_C6H10NO4_CH1-,693677,1480477,53503,2755778,3693894,3300335,1905204,2605763,958665,1488499,659888,1969253,2818527,2406215,857067,2102969
HMDB0000517-Arginine_C6H13N4O2_CH1-,8348,2502,203232,2601717,3123285,1473721,2697996,1534,319831,2675580,2750475,3707,605299,1879448,37912,2622807
HMDB0000536-Succinyl-AMP_C14H17N5O11P_CH1-,295987,2795526,1137193,1704133,2255876,338541,2659993,3080829,1379886,3166983,3327067,1002,3561393,2213075,709567,2909034
HMDB0000552-3-Methylgluta_C13H22NO6_CH1-,105546,3646952,5545,3561635,340715,369060,376638,3248013,2317037,1276654,1968071,658464,1216783,3624735,1820531,141272
HMDB0000562-Creatinine_C4H6N3O_CH1-,557419,3039159,2438913,3515800,754105,2979598,45839,3692434,360264,2689400,9704,2957049,3279144,162559,2545933,3565782
HMDB0000618-Ribulose-5-ph_C5H10O8P_CH1-,1442701,1851324,3695,2784330,3261230,7438,4694,739322,2967587,2293726,3343225,8832,3239140,153376,2339339,1310612
HMDB0000619-Cholic-acid_C24H39O5_CH1-,575315,3109400,1357493,3440581,585398,2092930,5780,745753,2181645,640869,8065,5674,2983077,798664,811822,1698822
HMDB0000626-Deoxycholic-a_C24H39O4_CH1-,382750,9043,8139,2262449,919945,1055811,8579,1079219,3550403,3090130,1757113,3244690,2212996,1850488,2339723,1842402
HMDB0000641-Glutamine_C5H9N2O3_CH1-,86710,3397142,1641846,172729,3225161,3223305,9566,1539284,2757400,8241,2248463,3687882,3407091,1718523,4650,58205
HMDB0000663-Glucaric-acid_C6H9O8_CH1-,517269,2313541,1098236,1695398,4612,1105271,2070211,1889175,1027211,2921690,3045430,587,3098858,2598869,2367372,229116
HMDB0000671-Indole-3-lact_C11H10NO3_CH1-,3199252,9941,2984730,2408028,3437304,3656402,3522,585541,2257329,35267,872351,8814,337197,3306895,140994,2262834
HMDB0000684-Kynurenine_C10H11N2O3_CH1-,641414,772017,253,1830156,1927083,3076959,1000711,2655066,1886391,949217,782868,3028565,4456,3542586,393,1929053
HMDB0000687-Leucine_C6H12NO2_CH1-,2325543,3049039,3535277,1738337,6165,2287128,2251838,1683177,686649,693450,3277546,952442,2192939,2868152,2309356,1829780
HMDB0000691-Malonic-acid_C3H3O4_CH1-,301986,1900309,5120,3451060,3513047,818448,3325186,2388496,3472538,6964,1712942,1934,5883,2784612,656265,2315276
HMDB0000695-4-methyl-2-ox_C6H9O3_CH1-,2439718,2688602,3159262,2822541,1886912,1232393,3605076,2984458,1044788,595342,2943658,772380,761572,3165930,3610497,5954
HMDB0000704-Isoxanthopter_C6H4N5O2_CH1-,137,2642867,63171,1950339,2446390,3376,2089707,2993236,4529,1558337,1307938,1800936,2858057,2311076,2368903,547138
HMDB0000714-Hippuric-acid_C9H8NO3_CH1-,81086,4771,2573461,3438606,2952161,2747609,3574922,684085,7062,1154857,846795,2982658,3313032,3389562,2734139,585192
HMDB0000730-N-Isobutyrylg_C6H10NO3_CH1-,2152790,9115,1875357,3554160,369987,2213555,1511921,3017,1494423,560709,2534064,3226396,338722,5967,1992900,3536484
HMDB0000731-S-Sulfocystei_C3H6NO5S2_CH1-,319075,2084183,211082,672430,605699,2807658,941839,3062684,1812383,1078087,2633504,2304071,3124993,2169,1746614,3182876
HMDB0000744-Malic-acid_C4H5O5_CH1-,47319,2688891,504439,2489218,2675250,1540671,7455,1037535,2142733,3033852,1849100,2048748,1941984,21145,243337,2808078
HMDB0000755-4-Hydroxyphen_C9H9O4_CH1-,3133446,1061814,2065543,1634002,538873,320897,1680397,885465,1990102,3361541,1298223,2417914,2365518,3222929,3062219,2394816
HMDB0000765-Mannitol_C6H13O6_CH1-,20038,517085,3103951,2168175,877110,2637896,3203611,120344,3093554,2229245,1336579,2618856,1308502,2438155,11341,848051
HMDB0000766-N-Acetylalani_C5H8NO3_CH1-,3101106,1128,3679380,3323182,6815,1338412,3501171,3343699,9862,2901312,743953,6068,1598974,3128814,1645500,2062797
HMDB0000807--2-3--Phospho_C3H6O7P_CH1-,1879,1143186,7904,2356412,1320736,2418596,2493858,1420714,704530,1999241,2765888,1265107,2033,1686437,2011769,141964
HMDB0000833-N-Glycolylneu_C11H18NO10_CH1-,1354603,3197542,1907428,299557,2684694,520235,468752,1894762,1608,4775,1350541,1027869,122049,2251212,2426789,1563503
HMDB0000866-N-Acetyltyros_C11H12NO4_CH1-,277840,2639,3102040,3017,3282009,769052,2752250,2448977,3517656,1209408,1903912,2295125,1220747,3029137,1391388,1906880
HMDB0000883-Valine_C5H10NO2_CH1-,1786292,2130,2733070,381,1940909,3273721,234181,2826898,785323,3261760,3175443,1324383,3477414,1207,5053,1824641
HMDB0000893-Suberic-acid_C8H13O4_CH1-,3354446,130488,1133930,1490932,729543,420798,6761,947024,2755696,2562370,1735728,2517353,1730214,8429,2098527,2353146
HMDB0000904-Citrulline_C6H12N3O3_CH1-,3034206,9865,1957385,3387437,891318,1506007,547969,2786802,3463435,2541,1923931,2177298,61307,2878075,1239316,2959507
HMDB0000905-2--Deoxyadeno_C10H13N5O6P_CH1-,1461702,199361,4958,1220921,1398375,2932621,3530419,2557984,1266433,2425302,4385,210930,1134617,3286032,1572150,370192
HMDB0000929-Tryptophan_C11H11N2O2_CH1-,723414,2316205,1977000,2468,899011,1882040,1224507,1368860,3096133,3400106,3120050,9419,1310515,43370,1744,2262303
HMDB0000933-trans-Traumat_C12H19O4_CH1-,9530,2092664,5080,3066447,2207433,2985379,448686,515897,817989,186736,3174126,78256,3599468,2854669,2387406,1993209
HMDB0000939-S-Adenosyl-ho_C14H19N6O5S_CH1-,2851407,649507,754987,2657649,3792,2753156,1159902,2186878,3554772,148189,120,1460735,191376,2374268,2167389,5286
HMDB0000943-Threonic-acid_C4H7O5_CH1-,3319365,1119597,3036794,2436350,1745198,3120151,3427215,1097912,293650,873049,3459573,3661,3572239,1353256,1429979,1802724
HMDB0000958-trans-Aconiti_C6H5O6_CH1-,8049,733,2735843,168698,1435253,2649785,649795,988687,236951,106681,883324,39468,1210547,3093,3050197,1303159
HMDB0000996-Cysteinesulfi_C3H6NO4S_CH1-,470205,2703693,414288,622449,3352546,2143698,286193,7624,3709043,1504658,9704,8873,2746599,1042624,2076005,2256078
HMDB0001051-GLYCERALDEHYD_C3H5O3_CH1-,2038630,159818,2440,2921401,3262641,3146029,2014655,5875,2920483,2122856,3168126,1579408,1180356,56129,2699038,1156612
HMDB0001058-Fructose-16-b_C6H13O12P2_CH1-,1650790,1454076,1837861,2181013,988085,965869,2722089,1593242,2600013,3591523,3253095,3383939,2169250,2298440,1137067,3426528
HMDB0001112-Glyceraldehyd_C3H6O6P_CH1-,573888,298818,2110910,548308,2724843,57894,1288279,35642,2741158,1216351,1672235,2247185,3535981,2226426,1169778,2036705
HMDB0001178-Adenosine-5-d_C15H22N5O14P2_CH1-,2143713,2474140,1881405,3365877,1046900,1452911,3398126,601859,2891789,3171000,9130,2333311,2910711,1192288,1671251,1997015
HMDB0001202-2--Deoxycytid_C9H13N3O7P_CH1-,8101,3126724,2092643,8095,3956,7124,1423,600894,7722,2823700,1908,3044856,1395933,2933255,394595,3660534
HMDB0001206-Acetyl-coenzy_C23H36N7O14P2S_CH1-,2507211,2297838,1107348,702450,784297,4075,3423553,41706,3652,457096,869470,1076035,2720978,894357,995568,3379918
HMDB0001227-Thymidine-5--_C10H14N2O8P_CH1-,1131407,2433285,1789987,3602346,2116486,7964,2702,2767081,3427227,3192321,3056687,3425568,3144861,3650888,979635,216346
HMDB0001248-Flavin-adenin_C27H32N9O15P2_CH1-,2550472,1178446,3149800,997359,3044659,1493271,5330,3979,2842642,2312385,1024221,2673,76159,3260,8567,1343893
HMDB0001316-6-Phosphogluc_C6H12O10P_CH1-,1393103,1082630,1867606,1376922,2191879,2704,2316387,1324468,1144511,241386,989203,2360055,2176189,1578853,292981,9331
HMDB0001321-Erythrose-4-p_C4H8O7P_CH1-,154371,9842,1097150,2699,420680,331082,6351,2009684,2993292,1319103,1929817,3541367,2820248,1668607,1027602,8448
HMDB0001341-ADENOSINE-5-D_C10H14N5O10P2_CH1-,3403093,2476834,982902,3090579,973650,1060076,2135,891,2699886,2831249,2886658,966200,1466792,1962,8270,3120104
HMDB0001397-Guanosine-5-m_C10H13N5O8P_CH1-,889,3361262,2257281,3233247,1381985,1045201,1359609,1115,474345,2939885,2782971,893228,9165,2898,2982109,6221
HMDB0001401-Glucose-6-pho_C6H12O9P_CH1-,9466,1456098,2527541,1390527,2418936,930694,660,1257749,2383730,1902327,1452546,1909959,2482805,3311012,819199,2061702
HMDB0001487-Nicotinamide-_C21H28N7O14P2_CH1-,2578034,4664,3930,1547,1386375,1467764,1795304,3442079,507337,2980853,3546545,905114,1087,3155554,1267352,67
HMDB0001545-Pyridoxal_C8H8NO3_CH1-,1657585,452634,1940641,5541,1251906,3413349,3510559,3588644,2990904,3686416,2906664,2677190,1089046,3161788,3029413,3610
HMDB0001554-Xanthosine-5-_C10H12N4O9P_CH1-,3099670,896227,3080651,3585679,3417715,1191035,1278890,8951,6621,1776015,102102,314503,827978,382099,3100300,257302
HMDB0001586-Glucose-1-pho_C6H12O9P_CH1-,533601,479840,2980830,2511328,2414819,753631,4133,1733157,1104640,1496836,1894898,7022,1797,2741836,3386742,629720
HMDB0001871-Epicatechin_C15H13O6_CH1-,3452543,59604,1948127,3698430,1364995,1123792,1073588,1928,3332898,565764,2970957,3606532,1208427,2764955,2620309,3410643
HMDB0001895-Salicylic-aci_C7H5O3_CH1-,1703067,2577695,2518408,3156013,1678293,339544,544477,1216442,2301127,1256598,2342546,827276,4198,2737357,3145865,1308601
HMDB0002092-Itaconic-acid_C5H5O4_CH1-,663258,3247018,1487705,2904269,1962892,2342949,3315063,91421,799678,2836883,679433,173829,3423190,2176235,2175767,2167330
HMDB0003337-Glutathione--_C20H31N6O12S2_CH1-,1395457,2974957,3534124,3442835,740508,331880,571757,698223,1331636,400566,1573163,1187925,3333269,2957101,3383516,1380923
HMDB0003584-Guanidinoethy_C3H8N3O3S_CH1-,699,2602,2134155,3241623,962230,342270,5544,2962877,723100,3104205,2778681,345545,2397032,3485946,155884,390832
HMDB0004231-Panthenol_C9H18NO4_CH1-,1237075,3459936,1894310,2967425,1320881,1017631,2924873,1589587,2731524,1839312,1044794,4797,3492318,1972615,3014614,296766
HMDB0005056-Enterodiol_C18H21O4_CH1-,3239263,1753276,510672,1198,1796157,726830,9743,945,3959,1961900,1978135,2525700,9608,652218,3538379,1331
HMDB0006557-Adenosine-5--_C16H24N5O15P2_CH1-,3360401,289469,2132265,467774,2855175,2186943,7113,857460,2669372,1171782,2381149,1443041,8830,2866851,3406467,6765
HMDB0006695-Proline-hydro_C10H15N2O4_CH1-,2952505,333141,3281880,2027082,1285197,2949079,2856917,1777406,2588189,3105560,1552833,3044337,1320594,1203303,8686,93854
HMDB0010319-Indoxyl-glucu_C14H14NO7_CH1-,2306719,21409,137582,3564905,3525714,25102,2856435,3444195,293295,1745801,900961,2151738,669726,3645071,1862851,1183294
HMDB0011179-Pro-Phe_C14H17N2O3_CH1-,2718472,8185,17853,1018,2712540,788153,825634,3192830,3394536,1840358,2134077,48422,598321,2512455,3070821,1544772
HMDB0011745-N-Acetylmethi_C7H12NO3S_CH1-,3175110,2618238,1861406,2548,769,3044515,2607843,1343,3214943,441476,1911800,531217,2011891,583603,3146832,1370159
HMDB0011757-N-Acetylvalin_C7H12NO3_CH1-,3610998,564940,5820,2277061,1821544,1718692,3079200,2068722,1116706,3619110,3218745,6256,2063109,1538666,43610,1873829
HMDB0013130-L-Glutarylcar_C12H20NO6_CH1-,950844,186256,2244508,1634127,1113833,2821265,1356087,2280405,3502811,2117,209838,996275,3514190,107831,7246,971090
HMDB0013209-Ala-Trp_C14H16N3O3_CH1-,1619339,1198071,3732,2135059,5192,1628760,1384210,3431515,2309662,2131364,1756898,3066163,2699604,1563967,3085914,1274997
HMDB0013243-Leu-Phe_C15H21N2O3_CH1-,2854,3504813,3361253,2218111,2891,273105,1092862,283344,150082,4525,287209,493866,521182,2556052,1588927,1370357
HMDB0013302-Phe-Phe_C18H19N2O3_CH1-,562393,86910,2317576,5479,2877012,573887,2472725,3179729,1318419,1176359,620003,2717169,510854,19028,959532,351173
HMDB0028699-Ala-Tyr_C12H15N2O4_CH1-,1385616,2717498,4632,3453919,1624083,491923,666096,25108,2372,2327822,2226221,1867318,3034097,8476,3450528,2713202
HMDB0028700-Ala-Val_C8H15N2O3_CH1-,1882525,2491039,594934,619352,3310455,1825363,3320772,1617607,860917,3567974,625534,234248,2315431,957258,3658,5059
HMDB0028734-Asn-Ile_C10H18N3O4_CH1-,3117198,1029716,1877861,3093176,784223,2498766,3704,3429623,794015,2984781,1656169,2349163,2656434,1459986,3543763,937214
HMDB0028738-Asn-Phe_C13H16N3O4_CH1-,5209,2853832,6031,3394974,2038154,1957953,436995,3672883,904179,2484474,2047287,1077381,2211837,1525102,1258721,2888321
HMDB0028739-Asn-Pro_C9H14N3O4_CH1-,974660,209865,8335,1016920,497894,1504533,71592,1660669,1678116,1012551,1242795,1338701,305153,1296877,29200,128372
HMDB0028756-Asp-Ile_C10H17N2O5_CH1-,3008199,2392691,2144017,1250675,1362892,609369,6524,2749,147857,33940,6430,1415345,879524,1922,842469,2021996
HMDB0028766-Asp-Val_C9H15N2O5_CH1-,3045481,346038,1251575,647757,2325,2922341,2619807,3456269,1035485,3498227,639067,363393,793217,3522104,3499122,6434
HMDB0028800-Gln-Ile_C11H20N3O4_CH1-,2414564,1935265,2765836,1696135,3117846,1626667,1465691,4629,3580130,2067106,1450550,1889707,2828370,220503,1927253,469351
HMDB0028804-Gln-Phe_C14H18N3O4_CH1-,3584510,2103169,1880745,1979996,488887,1592594,1993,3423553,9855,372913,93840,2700901,596134,1438503,724766,7624
HMDB0028816-Glu-Cys_C8H13N2O5S_CH1-,2617216,2783645,1577,4730,49948,2760887,434113,1991145,2473037,1567617,6220,1304919,1792389,3259,8514,1115375
HMDB0028823-Glu-Leu_C11H19N2O5_CH1-,1254721,2307220,878,2091433,1049031,3054845,1776643,601994,4758,2052379,3127546,891523,6652,1566263,7559,544012
HMDB0028827-Glu-Pro_C10H15N2O5_CH1-,2382133,3112206,5533,8305,86307,2806983,6300,3628225,1710567,5288,3435231,335353,3296493,816880,2944942,3152138
HMDB0028831-Glu-Tyr_C14H17N2O6_CH1-,2321476,318036,456186,1768139,2400,3618490,3592337,8808,3298291,749726,2460,2502833,1405163,1205326,1124069,2898312
HMDB0028848-Gly-Phe_C11H13N2O3_CH1-,46008,1259414,2046502,1301333,3402763,830220,3559530,1267805,9381,3031867,7466,6808,449064,7868,3288792,567629
HMDB0028852-Gly-Trp_C13H14N3O3_CH1-,3304558,172783,1755103,1448639,1004876,97827,1117570,410235,7881,3207771,2949867,973560,1000197,867090,37466,1859411
HMDB0028853-Gly-Tyr_C11H13N2O4_CH1-,646535,1795133,7626,738607,6621,2844159,880860,3014538,2755541,1096170,1997978,1577139,1934815,1929784,1276851,34194
HMDB0028900-Ile-Ala_C9H17N2O3_CH1-,1216470,695,902372,2444,3537129,2804730,3641614,1729081,2531832,6778,1021777,191069,1616680,250836,2313879,25825
HMDB0028918-Ile-Trp_C17H22N3O3_CH1-,3314635,1449523,1188889,4186,2813072,2798803,1654845,1709155,736088,6052,3019951,3145314,1103291,1161143,3814,764635
HMDB0028920-Ile-Val_C11H21N2O3_CH1-,1247856,1375814,2296782,602796,3429250,3606354,9999,3071611,2800816,2432829,2267879,1486199,3226581,1120762,1433688,3527104
HMDB0028922-Leu-Ala_C9H17N2O3_CH1-,2758114,2276569,232680,3635498,1958642,904320,7510,1699883,2907542,2536277,452925,6287,1701589,2333445,3556,128747
HMDB0028925-Leu-Asp_C10H17N2O5_CH1-,770295,1490436,1874,1677611,2148698,2280822,1502681,1310675,121068,5090,283926,9402,1728709,463862,1197837,1530211
HMDB0028928-Leu-Glu_C11H19N2O5_CH1-,1910649,2927129,1084187,220980,2828128,706056,14630,3609883,3545,1684601,616504,4496,1203166,2566847,1366691,232051
HMDB0028929-Leu-Gly_C8H15N2O3_CH1-,754334,1620626,1484516,2889354,3261011,7960,2240,2692773,2276624,3644858,3236522,1615112,1738536,365302,8430,2710339
HMDB0028938-Leu-Ser_C9H17N2O4_CH1-,2813737,3938,2951391,2114753,9793,977467,1205702,1014939,2905,1236096,2263385,1339517,138802,887889,2869813,3114576
HMDB0028958-Lys-Phe_C15H22N3O3_CH1-,604122,135,1101089,7831,3444986,2663884,246856,319675,2981699,1283670,2884270,8343,1091447,3120426,1377601,2922511
HMDB0028963-Lys-Tyr_C15H22N3O4_CH1-,2582984,9848,3029612,624871,1668787,1297580,1584546,3458665,1003547,1622423,423057,2160284,1750146,2963927,1476298,2998597
HMDB0028972-Met-Glu_C10H17N2O5S_CH1-,1660104,2930260,2709940,1369423,1916925,2355249,2265538,213706,2853943,2101595,1703964,3152743,274875,2879804,1901547,3538209
HMDB0028988-Phe-Ala_C12H15N2O3_CH1-,1742226,2271137,1828091,949386,8650,2208728,1750,2190065,1580014,673862,2296429,1631741,1098901,361559,3439224,3341161
HMDB0028993-Phe-Gln_C14H18N3O4_CH1-,820730,794947,832638,4433,566019,1963059,5552,4843,2034232,1344720,751597,2264140,3197470,3538365,3097047,909512
HMDB0029005-Phe-Thr_C13H17N2O4_CH1-,68257,2233,532655,114046,2458994,193061,2338928,1576722,244944,549574,3366018,8034,480412,436221,1749285,3056
HMDB0029008-Phe-Val_C14H19N2O3_CH1-,2364225,2847626,2352478,4281,2073200,1755543,2534002,2901,3294789,1732,6643,3400787,2619198,781795,5865,6381
HMDB0029044-Ser-Lys_C9H18N3O4_CH1-,4629,3125230,2399335,2062352,1523573,40164,547934,2182670,3124687,3961,2365795,2635505,6078,356704,5951,339211
HMDB0029046-Ser-Phe_C12H15N2O4_CH1-,2137066,6011,1196297,1641480,4241,1362858,2628864,1527759,2091822,903779,3193874,3175330,1345139,3603200,1336462,884421
HMDB0029050-Ser-Trp_C14H16N3O4_CH1-,2952120,1675483,2693173,1581359,2143104,3586386,2633065,2604297,113081,4817,894593,999627,3198801,2247561,145807,7835
HMDB0029065-Thr-Leu_C10H19N2O4_CH1-,3878,1526026,1940611,869239,2581933,5950,1137036,239022,2059564,673068,1813645,8999,51311,726,3356740,229064
HMDB0029072-Thr-Trp_C15H18N3O4_CH1-,2980150,1859978,146708,2676688,3097562,720801,80284,2394215,3168311,2308482,1864911,1065098,1732647,2155368,1891918,2154302
HMDB0029073-Thr-Tyr_C13H17N2O5_CH1-,6465,122226,437738,640319,3359901,3272624,3498290,630670,289,7279,2044209,3463110,2515000,3638216,1155578,55496
HMDB0029082-Trp-Glu_C16H18N3O5_CH1-,2388350,2106889,3045978,1142554,5016,4715,2527478,1795694,2080,419931,1719480,1108213,2284983,3065485,601800,372409
HMDB0029083-Trp-Gly_C13H14N3O3_CH1-,2795261,3624137,2103554,7350,3173055,1637442,3226724,2072620,2508757,1144507,998631,2329237,527075,13091,1056169,6314
HMDB0029100-Tyr-Asn_C13H16N3O5_CH1-,1111521,5694,1970499,2317618,1300128,8812,2436,2203716,3430502,2268343,513929,591084,1445959,2162,2391902,708403
HMDB0029104-Tyr-Glu_C14H17N2O6_CH1-,2906711,2379635,2491256,2569239,1149334,3231886,2652396,3068547,2541323,2459529,2128381,2112205,3155916,2261111,2303104,1642064
HMDB0029105-Tyr-Gly_C11H13N2O4_CH1-,1855571,2858925,946882,1515397,3671951,2879369,1560967,3086126,3017389,2445,1674,1606011,3703048,9133,107828,3325415
HMDB0029109-Tyr-Leu_C15H21N2O4_CH1-,370449,53051,9126,2072371,1980502,881589,399510,2420279,50701,3361929,7009,544540,3026951,174380,683862,62582
HMDB0029113-Tyr-Pro_C14H17N2O4_CH1-,360497,1057956,2603009,3076038,1820173,1377063,161968,2893381,3322253,3704647,3570504,167065,785199,1598664,1888680,3083637
HMDB0029114-Tyr-Ser_C12H15N2O5_CH1-,3341891,2024657,632551,244419,1005001,278459,2319025,2522966,1173,2828763,345495,1291778,1749387,2144638,1482548,2999430
HMDB0029120-Val-Ala_C8H15N2O3_CH1-,13715,2425522,1236707,1878531,1590746,8118,918214,1531442,2695690,5439,1235154,8046,657019,5559,3190559,5523
HMDB0029127-Val-Gly_C7H13N2O3_CH1-,3207128,3081128,2397038,2506993,1740414,3655047,2604974,2632488,848987,1517221,2934697,511355,2480641,40543,4338,758684
HMDB0029137-Val-Thr_C9H17N2O4_CH1-,1818046,154509,3474465,1681310,2110161,1538,1956272,2004235,1608326,3676703,6434,1781971,404119,1968776,3847,861135
HMDB0029138-Val-Trp_C16H20N3O3_CH1-,2175641,101442,1704181,2763205,6521,2939158,352440,2254520,2766135,3356161,1760430,333486,865812,3656026,2508887,2986482
HMDB0029156-Glu-Phe_C14H17N2O5_CH1-,2443124,2947823,2125954,979066,560396,1985975,423542,636629,784641,1276044,2274362,4610,2009081,2530366,70890,3113563
HMDB0029355-Phenylacetyla_C12H12NO5_CH1-,663019,986134,6691,3208518,3176700,143228,1182419,1115995,3174025,126737,3224123,152029,7140,3157638,239886,1147884
HMDB0037942-Tetrahydrohar_C13H13N2O2_CH1-,764588,3472553,158811,689693,1739872,1663255,3594790,9130,2457545,558678,975592,3178621,3119185,1586,2826844,1611
HMDB0041737-Genistein-4--_C21H17O11_CH1-,2804348,1945329,1712831,3251827,1125837,1038319,2486,5897,2428628,2734290,3002651,2096305,6542,876958,2006339,7508
HMDB0061676-2-2-Dimethylg_C7H11O4_CH1-,5559,1835517,1515744,739490,1582683,2938629,3542110,3061471,4372,3599261,768738,420035,3689155,1248262,3089762,2361200
HMDB0061880-Acetyl-beta-a_C5H8NO3_CH1-,3440350,1628707,1796199,1335713,7461,504272,8555,444946,1888309,8806,3127564,982,1180207,900056,2284181,1559751
HMDB0062121-Dihydroferuli_C10H11O4_CH1-,1667654,248550,680684,331408,2960822,2832742,561217,3568194,2120869,755681,1303845,2935570,3633113,2637980,563767,3379414
HMDB0094651-PyroGlu-Val_C10H15N2O4_CH1-,6324,2544634,107507,851538,1625467,3530,2579750,575280,779005,9193,3596456,1279066,533974,2008289,841,64769
HMDB0094710-3--3-Hydroxyp_C9H9O6S_CH1-,2089653,1509809,1382967,1830084,3609154,3066882,1209202,3434798,131682,7896,4284,1742327,1266637,2762436,1589638,1111
HMDB0125166-trans-4-hydro_C9H7O6S_CH1-,1845202,310676,1699,2878479,1261724,795684,2335551,7578,3045641,1228928,1240024,1571537,495058,2845406,693003,3408758
HMDB0240295-N-Succinyl-5-_C13H17N4O9_CH1-,1763439,2902928,775079,2081856,2092628,9221,2090719,509012,1991152,3610738,744391,2209326,327973,2353973,2948029,3444164
HMDB0240661-N--1H-Indol-3_C12H11N2O3_CH1-,1609139,2266140,738304,1508342,73707,2670599,2364441,3418794,3243223,1052895,1128529,1962542,406462,560225,1474828,1557591
HMDB0245903-3-Hydroxyprol_C5H8NO3_CH1-,3337643,805081,3534392,2485556,3624568,545063,378,1028,2359734,3699889,2843211,2320897,277360,1150710,447596,3656042
HMDB0304121-3-Dehydrochol_C24H37O5_CH1-,3206763,8732,1808264,2196058,911263,1225744,3639660,3510216,2316226,2291666,2536532,6236,161445,3444349,1854891,451161
HMDB0304805-Ile-Pro-Ile_C17H30N3O4_CH1-,1084076,1919295,283595,3678729,881494,1666324,1488228,3569865,1300,2198,1542675,3649406,2527131,966734,1873099,1129232
